INSERT INTO BOOKWEB.USERS(USER_ID, CREATED, EMAIL, ENABLED, PASSWORD, UPDATED, USERNAME) VALUES (1, NOW(), 'adi8912@poczta.fm', true ,'$2a$10$sSwAhcmIrZ63ozFxPAkZouj0SBtvjtNU7VVNkIwX4mnSvYQf1y3Hi', NOW(), 'Adi');
INSERT INTO BOOKWEB.USERS(USER_ID, CREATED, EMAIL, ENABLED, PASSWORD, UPDATED, USERNAME) VALUES (2, NOW(), 'adi8912@wp.pl', true, '$2a$10$2iKuyNd.sSDyxrCEjioU..ztSWTS53TdE1c8IbMIsL7/.cDgXoRVO', NOW(), 'Adi_Admin');
INSERT INTO BOOKWEB.USER_ROLES (user_role, user_user_id) VALUES ('ROLE_USER', 1);
INSERT INTO BOOKWEB.USER_ROLES (user_role, user_user_id) VALUES ('ROLE_ADMIN', 2);
INSERT INTO BOOKWEB.PUBLISHERS (ID, CREATED, NAME, UPDATED) VALUES (1, NOW(), 'Helion', NOW());
INSERT INTO BOOKWEB.PUBLISHERS (ID, CREATED, NAME, UPDATED) VALUES (2, NOW(), 'Bellona', NOW());
INSERT INTO BOOKWEB.PUBLISHERS (ID, CREATED, NAME, UPDATED) VALUES (3, NOW(), 'Fabryka słów', NOW());
INSERT INTO BOOKWEB.AUTHORS (ID, AUTHOR_PICTURE, BIOGRAPHY, CREATED, FIRST_NAME, LAST_NAME, UPDATED) VALUES (1, NULL, 'Joshua J. Bloch (born August 28, 1961) is an American software engineer and a technology author, formerly employed at Sun Microsystems and Google.', NOW(), 'Joshua', 'Bloch', NOW());
INSERT INTO BOOKWEB.AUTHORS (ID, AUTHOR_PICTURE, BIOGRAPHY, CREATED, FIRST_NAME, LAST_NAME, UPDATED) VALUES (2, NULL, 'Jacek Lech Komuda (ur. 23 czerwca 1972) – polski pisarz, z wykształcenia historyk. Autor powieści i opowiadań historycznych osadzonych głównie w realiach Polski sarmackiej.', NOW(), 'Jacek', 'Komuda', NOW());
INSERT INTO BOOKWEB.AUTHORS (ID, AUTHOR_PICTURE, BIOGRAPHY, CREATED, FIRST_NAME, LAST_NAME, UPDATED) VALUES (3, NULL, 'Paweł Andrzej Rochala (ur. 1968) – polski pisarz i historyk wojskowości z zamiłowania, zawodowy oficer Państwowej Straży Pożarnej. Autor wielu artykułów i felietonów do branżowej prasy strażackiej.', NOW(), 'Paweł', 'Rochala', NOW());
INSERT INTO BOOKWEB.BOOKS (ID, CREATED, ISBN, RATE, TITLE, UPDATED, COVER_ID, PUBLISHER_ID) VALUES (1, NOW(), '978-89-283-4576-8', 0.0, 'Java Effective Programming', NOW(), NULL, 1);
INSERT INTO BOOKWEB.BOOKS (ID, CREATED, ISBN, RATE, TITLE, UPDATED, COVER_ID, PUBLISHER_ID) VALUES (2, NOW(), '978-83-1112-175-1', 0.0, 'Las Teutoburski 9 p.n.e.', NOW(), NULL, 2);
INSERT INTO BOOKWEB.BOOKS (ID, CREATED, ISBN, RATE, TITLE, UPDATED, COVER_ID, PUBLISHER_ID) VALUES (3, NOW(), '978-83-11-12235-2', 0.0, 'Niemcza 1017', NOW(), NULL, 2);
INSERT INTO BOOKWEB.BOOKS (ID, CREATED, ISBN, RATE, TITLE, UPDATED, COVER_ID, PUBLISHER_ID) VALUES (4, NOW(), '978-83-11-12936-8', 0.0, 'Cedynia 972', NOW(), NULL, 2);
INSERT INTO BOOKWEB.BOOKS (ID, CREATED, ISBN, RATE, TITLE, UPDATED, COVER_ID, PUBLISHER_ID) VALUES (5, NOW(), '978-83-7964-459-9', 0.0, 'Zawisza. Czarne Krzyże', NOW(), NULL, 3);
INSERT INTO BOOKWEB.BOOKS (ID, CREATED, ISBN, RATE, TITLE, UPDATED, COVER_ID, PUBLISHER_ID) VALUES (6, NOW(), '978-83-7964-446-9', 0.0, 'Westerplatte', NOW(), NULL, 3);
INSERT INTO BOOKWEB.BOOKS (ID, CREATED, ISBN, RATE, TITLE, UPDATED, COVER_ID, PUBLISHER_ID) VALUES (7, NOW(), '978-83-7964-588-6', 0.0, 'Wizna', NOW(), NULL, 3);
INSERT INTO BOOKWEB.BOOKS (ID, CREATED, ISBN, RATE, TITLE, UPDATED, COVER_ID, PUBLISHER_ID) VALUES (8, NOW(), '978-83-7964-420-9', 0.0, 'Wilcze gniazdo', NOW(), NULL, 3);
INSERT INTO BOOKWEB.BOOKS (ID, CREATED, ISBN, RATE, TITLE, UPDATED, COVER_ID, PUBLISHER_ID) VALUES (9, NOW(), '978-83-7964-136-9', 0.0, 'Hubal', NOW(), NULL, 3);
INSERT INTO BOOKWEB.BOOKS (ID, CREATED, ISBN, RATE, TITLE, UPDATED, COVER_ID, PUBLISHER_ID) VALUES (10, NOW(), '978-83-7964-141-3', 0.0, 'Bohun', NOW(), NULL, 3);
INSERT INTO AUTHOR_BOOK (BOOK_ID, AUTHOR_ID) VALUES (1, 1);
INSERT INTO AUTHOR_BOOK (BOOK_ID, AUTHOR_ID) VALUES (2, 2);
INSERT INTO AUTHOR_BOOK (BOOK_ID, AUTHOR_ID) VALUES (3, 2);
INSERT INTO AUTHOR_BOOK (BOOK_ID, AUTHOR_ID) VALUES (4, 2);
INSERT INTO AUTHOR_BOOK (BOOK_ID, AUTHOR_ID) VALUES (5, 3);
INSERT INTO AUTHOR_BOOK (BOOK_ID, AUTHOR_ID) VALUES (6, 3);
INSERT INTO AUTHOR_BOOK (BOOK_ID, AUTHOR_ID) VALUES (7, 3);
INSERT INTO AUTHOR_BOOK (BOOK_ID, AUTHOR_ID) VALUES (8, 3);
INSERT INTO AUTHOR_BOOK (BOOK_ID, AUTHOR_ID) VALUES (9, 3);
INSERT INTO AUTHOR_BOOK (BOOK_ID, AUTHOR_ID) VALUES (10, 3);
INSERT INTO BOOK_GENRE (BOOK_ID, GENRE) VALUES (1, 'PROGRAMMING');
INSERT INTO BOOK_GENRE (BOOK_ID, GENRE) VALUES (2, 'HISTORY');
INSERT INTO BOOK_GENRE (BOOK_ID, GENRE) VALUES (3, 'HISTORY');
INSERT INTO BOOK_GENRE (BOOK_ID, GENRE) VALUES (4, 'HISTORY');
INSERT INTO BOOK_GENRE (BOOK_ID, GENRE) VALUES (5, 'HISTORICAL_FICTION');
INSERT INTO BOOK_GENRE (BOOK_ID, GENRE) VALUES (6, 'HISTORICAL_FICTION');
INSERT INTO BOOK_GENRE (BOOK_ID, GENRE) VALUES (7, 'HISTORICAL_FICTION');
INSERT INTO BOOK_GENRE (BOOK_ID, GENRE) VALUES (8, 'HISTORICAL_FICTION');
INSERT INTO BOOK_GENRE (BOOK_ID, GENRE) VALUES (9, 'HISTORICAL_FICTION');
INSERT INTO BOOK_GENRE (BOOK_ID, GENRE) VALUES (10, 'HISTORICAL_FICTION');